Sakura,1,2
Tendrii,2,9
Prominence,3,1
Sunset,4,7
DaveTM,5,3
Silver,6,4
KnuX,7,7
Hoshikage,8,9
Hater,9,9
[REDACTED],10,5
Mighton,11,5
FALLEN,12,17
Niko,13,9
Tommy,14,13
Annie,15,25
Zooey,16,13
Bolo,17,17
Hyperspeed,18,13
Nullferst,19,17
Moss,20,17
Bolts,21,13
The Doctor,22,33
Gutzz,23,17
Michael,24,25
The Crimson,25,17
oilysines,26,25
Perci,27,17
Bridguras,28,33
Sound.IO,29,33
Poppercorn,30,25
Polygon,31,33
Captain Fuzz,32,25
ToonLinkMasta,33,25
mike$$,34,17
9by,35,33
Orbot,36,33
Staci,37,33
Pubtools,38,33
SOAR THE EAGLE,39,33
Francium,40,33
parmesancheese,41,49
Belinda,42,25
L2000,43,33
Charlie,44,49
Pter,45,33
Regaltoad,46,33
THE Luigiguy,47,25
U.M.,48,49
Stroke,49,33
Bill,50,49
Josh,51,49
TWB87,52,49
Actually,53,33
DozStratz,54,49
Tommy Thunder,55,49
Earl,56,33
Jimmy,57,49
